{
  "project_info": {
    "project_number": "123013366206",
    "project_id": "localsplash-app",
    "storage_bucket": "localsplash-app.appspot.com"
  },
  "client": [
    {
      "client_info": {
        "mobilesdk_app_id": "1:123013366206:android:62c4dc0ac12d62759779ef",
        "android_client_info": {
          "package_name": "com.localsplash.mobile"
        }
      },
      "oauth_client": [],
      "api_key": [
        {
          "current_key": "AIzaSyBnMoz1bb2uTDUTR3q-G7VdW2aHXhcevXs"
        }
      ],
      "services": {
        "appinvite_service": {
          "other_platform_oauth_client": []
        }
      }
    }
  ],
  "configuration_version": "1"
}